roadmap_id,article_type,title,slug,asset,status
SEO-004,Product / informational,"VS Collagen NAD+: product facts, realistic goals and professional consultation",vs-collagen-nad-plus-professional-guide,assets/products/vs-collagen-nad-plus-professional-guide.webp,PUBLISHED_LIVE_200
SEO-005,Educational / informational,What is NAD+ in professional aesthetic product conversations?,what-is-nad-plus-in-professional-aesthetic-product-conversations,assets/blog/what-is-nad-plus-in-professional-aesthetic-product-conversations.webp,PUBLISHED_LIVE_200
SEO-006,Product / informational,"VS Multi-lamellar NAD+: product facts, realistic goals and professional consultation",vs-multi-lamellar-nad-plus-professional-guide,assets/products/vs-multi-lamellar-nad-plus-professional-guide.webp,PUBLISHED_LIVE_200
SEO-007,Product / informational,"VS Toxnad NAD+: product facts, realistic goals and professional consultation",vs-toxnad-nad-plus-professional-guide,assets/products/vs-toxnad-nad-plus-professional-guide.webp,PUBLISHED_LIVE_200
SEO-008,Product / informational,"NAD+ Complex: product facts, realistic goals and professional consultation",nad-plus-complex-professional-guide,assets/products/nad-plus-complex-professional-guide.webp,PUBLISHED_LIVE_200
SEO-009,Product / informational,"Nadigo+: product facts, realistic goals and professional consultation",nadigo-plus-professional-guide,assets/products/nadigo-plus-professional-guide.webp,PUBLISHED_LIVE_200
SEO-010,Educational / informational,How to compare NAD+ skin booster categories without overstating claims,how-to-compare-nad-plus-skin-booster-categories-without-overstating-claims,assets/blog/how-to-compare-nad-plus-skin-booster-categories-without-overstating-claims.webp,PUBLISHED_LIVE_200
SEO-011,Product / informational,"Puri PDRN: product facts, realistic goals and professional consultation",puri-pdrn-professional-guide,assets/products/puri-pdrn-professional-guide.webp,PUBLISHED_LIVE_200
SEO-012,Product / informational,"Reglory PN Plus: product facts, realistic goals and professional consultation",reglory-pn-plus-professional-guide,assets/products/reglory-pn-plus-professional-guide.webp,PUBLISHED_LIVE_200
SEO-013,Product / informational,"Aqua PN: product facts, realistic goals and professional consultation",aqua-pn-professional-guide,assets/products/aqua-pn-professional-guide.webp,PUBLISHED_LIVE_200
SEO-014,Product / informational,"Kiara Reju: product facts, realistic goals and professional consultation",kiara-reju-professional-guide,assets/products/kiara-reju-professional-guide.webp,PUBLISHED_LIVE_200
SEO-015,Educational / informational,"PDRN vs PN skin boosters: terminology, evidence and questions to ask",pdrn-vs-pn-skin-boosters-terminology-evidence-and-buyer-questions,assets/blog/pdrn-vs-pn-skin-boosters-terminology-evidence-and-buyer-questions.webp,PUBLISHED_LIVE_200
SEO-016,Product / informational,"Rejuran Healer New: product facts, realistic goals and professional consultation",rejuran-healer-new-professional-guide,assets/products/rejuran-healer-new-professional-guide.webp,PUBLISHED_LIVE_200
SEO-017,Product / informational,"Rejuran I New: product facts, realistic goals and professional consultation",rejuran-i-new-professional-guide,assets/products/rejuran-i-new-professional-guide.webp,PUBLISHED_LIVE_200
SEO-018,Product / informational,"Rejuran S New: product facts, realistic goals and professional consultation",rejuran-s-new-professional-guide,assets/products/rejuran-s-new-professional-guide.webp,PUBLISHED_LIVE_200
SEO-019,Product / informational,"Rejuran HB New: product facts, realistic goals and professional consultation",rejuran-hb-new-professional-guide,assets/products/rejuran-hb-new-professional-guide.webp,PUBLISHED_LIVE_200
SEO-020,Educational / informational,Rejuran product range explained for readers and practitioners,rejuran-product-range-explained-for-professional-buyers,assets/blog/rejuran-product-range-explained-for-professional-buyers.webp,PUBLISHED_LIVE_200
SEO-021,Product / informational,"Vitaran HP: product facts, realistic goals and professional consultation",vitaran-hp-professional-guide,assets/products/vitaran-hp-professional-guide.webp,PUBLISHED_LIVE_200
SEO-022,Product / informational,"Vitaran I: product facts, realistic goals and professional consultation",vitaran-i-professional-guide,assets/products/vitaran-i-professional-guide.webp,PUBLISHED_LIVE_200
SEO-023,Product / informational,"Vitaran S: product facts, realistic goals and professional consultation",vitaran-s-professional-guide,assets/products/vitaran-s-professional-guide.webp,PUBLISHED_LIVE_200
SEO-024,Product / informational,"Placentex: product facts, realistic goals and professional consultation",placentex-professional-guide,assets/products/placentex-professional-guide.webp,PUBLISHED_LIVE_200
SEO-025,Educational / informational,How readers and practitioners compare polynucleotide product categories,how-professional-buyers-compare-polynucleotide-product-categories,assets/blog/how-professional-buyers-compare-polynucleotide-product-categories.webp,PUBLISHED_LIVE_200
SEO-027,Product / informational,"Profilo Structura: product facts, realistic goals and professional consultation",profilo-structura-professional-guide,assets/products/profilo-structura-professional-guide.webp,PUBLISHED_LIVE_200
SEO-028,Product / informational,"Evehilo: product facts, realistic goals and professional consultation",evehilo-professional-guide,assets/products/evehilo-professional-guide.webp,PUBLISHED_LIVE_200
SEO-029,Product / informational,"Luhilo: product facts, realistic goals and professional consultation",luhilo-professional-guide,assets/products/luhilo-professional-guide.webp,PUBLISHED_LIVE_200
SEO-030,Educational / informational,Hybrid hyaluronic acid vs conventional skin boosters,hybrid-hyaluronic-acid-vs-conventional-skin-boosters,assets/blog/hybrid-hyaluronic-acid-vs-conventional-skin-boosters.webp,PUBLISHED_LIVE_200
SEO-031,Product / informational,"Jalupro Classic: product facts, realistic goals and professional consultation",jalupro-classic-professional-guide,assets/products/jalupro-classic-professional-guide.webp,PUBLISHED_LIVE_200
SEO-032,Product / informational,"Jalupro Super Hydro: product facts, realistic goals and professional consultation",jalupro-super-hydro-professional-guide,assets/products/jalupro-super-hydro-professional-guide.webp,PUBLISHED_LIVE_200
SEO-033,Product / informational,"Jalupro HMW: product facts, realistic goals and professional consultation",jalupro-hmw-professional-guide,assets/products/jalupro-hmw-professional-guide.webp,PUBLISHED_LIVE_200
SEO-034,Product / informational,"Jalupro Young Eye: product facts, realistic goals and professional consultation",jalupro-young-eye-professional-guide,assets/products/jalupro-young-eye-professional-guide.webp,PUBLISHED_LIVE_200
SEO-035,Educational / informational,Jalupro product range and amino-acid skin booster categories,jalupro-product-range-and-amino-acid-skin-booster-categories,assets/blog/jalupro-product-range-and-amino-acid-skin-booster-categories.webp,PUBLISHED_LIVE_200
SEO-036,Product / informational,"NCTF (5 Bottles): product facts, realistic goals and professional consultation",nctf-5-bottles-professional-guide,assets/products/nctf-5-bottles-professional-guide.webp,PUBLISHED_LIVE_200
SEO-037,Product / informational,"NCTF (10 Bottles): product facts, realistic goals and professional consultation",nctf-10-bottles-professional-guide,assets/products/nctf-10-bottles-professional-guide.webp,PUBLISHED_LIVE_200
SEO-038,Product / informational,"Filorga Pink Glow X2: product facts, realistic goals and professional consultation",filorga-pink-glow-x2-professional-guide,assets/products/filorga-pink-glow-x2-professional-guide.webp,PUBLISHED_LIVE_200
SEO-039,Product / informational,"Pink Glow: product facts, realistic goals and professional consultation",pink-glow-professional-guide,assets/products/pink-glow-professional-guide.webp,PUBLISHED_LIVE_200
SEO-040,Educational / informational,How to evaluate multi-ingredient revitalisation products,how-to-evaluate-multi-ingredient-revitalisation-products,assets/blog/how-to-evaluate-multi-ingredient-revitalisation-products.webp,PUBLISHED_LIVE_200
SEO-041,Product / informational,"RRS HA Eyes: product facts, realistic goals and professional consultation",rrs-ha-eyes-professional-guide,assets/products/rrs-ha-eyes-professional-guide.webp,PUBLISHED_LIVE_200
SEO-042,Product / informational,"Lumi Eyes: product facts, realistic goals and professional consultation",lumi-eyes-professional-guide,assets/products/lumi-eyes-professional-guide.webp,PUBLISHED_LIVE_200
SEO-043,Product / informational,"Richese Eyes: product facts, realistic goals and professional consultation",richese-eyes-professional-guide,assets/products/richese-eyes-professional-guide.webp,PUBLISHED_LIVE_200
SEO-044,Product / informational,"Luna Eyes: product facts, realistic goals and professional consultation",luna-eyes-professional-guide,assets/products/luna-eyes-professional-guide.webp,PUBLISHED_LIVE_200
SEO-045,Educational / informational,Why the eye area requires different product evaluation,why-the-eye-area-requires-different-product-evaluation,assets/blog/why-the-eye-area-requires-different-product-evaluation.webp,PUBLISHED_LIVE_200
SEO-047,Product / informational,"Exocode: product facts, realistic goals and professional consultation",exocode-professional-guide,assets/products/exocode-professional-guide.webp,PUBLISHED_LIVE_200
SEO-048,Product / informational,"Exoten: product facts, realistic goals and professional consultation",exoten-professional-guide,assets/products/exoten-professional-guide.webp,PUBLISHED_LIVE_200
SEO-049,Product / informational,"P-Cell: product facts, realistic goals and professional consultation",p-cell-professional-guide,assets/products/p-cell-professional-guide.webp,PUBLISHED_LIVE_200
SEO-050,Educational / informational,"Exosome skin boosters: evidence, terminology and sourcing checks",exosome-skin-boosters-evidence-terminology-and-sourcing-checks,assets/blog/exosome-skin-boosters-evidence-terminology-and-sourcing-checks.webp,PUBLISHED_LIVE_200
SEO-051,Product / informational,"Karisma: product facts, realistic goals and professional consultation",karisma-professional-guide,assets/products/karisma-professional-guide.webp,PUBLISHED_LIVE_200
SEO-055,Educational / informational,Collagen biostimulator categories compared for readers and practitioners,collagen-biostimulator-categories-compared-for-professional-buyers,assets/blog/collagen-biostimulator-categories-compared-for-professional-buyers.webp,PUBLISHED_LIVE_200
SEO-060,Educational / informational,How to compare Korean dermal filler brands and product families,how-to-compare-korean-dermal-filler-brands-and-product-families,assets/blog/how-to-compare-korean-dermal-filler-brands-and-product-families.webp,PUBLISHED_LIVE_200
SEO-065,Educational / informational,How to evaluate dermal filler product families by intended category,how-to-evaluate-dermal-filler-product-families-by-intended-category,assets/blog/how-to-evaluate-dermal-filler-product-families-by-intended-category.webp,PUBLISHED_LIVE_200
SEO-070,Educational / informational,Lip filler product comparison: questions readers and practitioners should ask,lip-filler-product-comparison-questions-professional-buyers-should-ask,assets/blog/lip-filler-product-comparison-questions-professional-buyers-should-ask.webp,PUBLISHED_LIVE_200
SEO-075,Educational / informational,"Body filler sourcing: safety, documentation and local regulation checks",body-filler-sourcing-safety-documentation-and-local-regulation-checks,assets/blog/body-filler-sourcing-safety-documentation-and-local-regulation-checks.webp,PUBLISHED_LIVE_200
SEO-080,Educational / informational,How botulinum toxin product families differ for responsible product comparison,how-botulinum-toxin-product-families-differ-for-professional-procurement,assets/blog/how-botulinum-toxin-product-families-differ-for-professional-procurement.webp,PUBLISHED_LIVE_200
SEO-085,Educational / informational,Cold-chain and documentation checks for Korean botulinum toxin products,cold-chain-and-documentation-checks-for-korean-botulinum-toxin-products,assets/blog/cold-chain-and-documentation-checks-for-korean-botulinum-toxin-products.webp,PUBLISHED_LIVE_200
SEO-090,Educational / informational,"Body contouring products: evidence, claims and evidence and safety checks",body-contouring-products-evidence-claims-and-buyer-due-diligence,assets/blog/body-contouring-products-evidence-claims-and-buyer-due-diligence.webp,PUBLISHED_LIVE_200
SEO-095,Educational / informational,"Topical anaesthetic products: concentration, labelling and local regulations",topical-anaesthetic-products-concentration-labelling-and-local-regulations,assets/blog/topical-anaesthetic-products-concentration-labelling-and-local-regulations.webp,PUBLISHED_LIVE_200
SEO-096,Product / informational,"Nucleofill Strong: product facts, realistic goals and professional consultation",nucleofill-strong-professional-guide,assets/products/nucleofill-strong-professional-guide.webp,PUBLISHED_LIVE_200
SEO-097,Product / informational,"Curenex: product facts, realistic goals and professional consultation",curenex-professional-guide,assets/products/curenex-professional-guide.webp,PUBLISHED_LIVE_200
SEO-098,Product / informational,"Revok 50: product facts, realistic goals and professional consultation",revok-50-professional-guide,assets/products/revok-50-professional-guide.webp,PUBLISHED_LIVE_200
SEO-099,Product / informational,"Teoxan 1: product facts, realistic goals and professional consultation",teoxan-1-professional-guide,assets/products/teoxan-1-professional-guide.webp,PUBLISHED_LIVE_200
SEO-100,Educational / informational,"How to verify aesthetic product authenticity, storage and shipping records",how-to-verify-aesthetic-product-authenticity-storage-and-shipping-records,assets/blog/how-to-verify-aesthetic-product-authenticity-storage-and-shipping-records.webp,PUBLISHED_LIVE_200
SEO-101,Educational / informational,"Skin booster vs serum: choosing for hydration, texture and glow goals",skin-booster-vs-serum-hydration-texture-and-glow,assets/blog/skin-booster-vs-serum-hydration-texture-and-glow.webp,PUBLISHED_LIVE_200
SEO-102,Educational / informational,Sensitive-skin checklist before choosing a professional aesthetic product,sensitive-skin-checklist-professional-aesthetic-products,assets/blog/sensitive-skin-checklist-professional-aesthetic-products.webp,PUBLISHED_LIVE_200
