status,publish_date,publish_time_vn,primary_keyword,search_intent,target_reader,product_category,article_type,suggested_title,internal_links,cta,notes
Published,2026-09-25,manual,korean dermal filler wholesale,Commercial,"Clinics, distributors, wholesale buyers",Dermal Filler,Buyer guide,How to evaluate Korean dermal filler wholesale suppliers,"/products.html,/solutions.html,/contact.html",WhatsApp quote,Published manually; still needs keyword volume validation
Published,2026-09-29,manual,rubytoxin 100 wholesale,Commercial,"Clinics, distributors, wholesale buyers",Botulinum Toxin,Product sourcing guide,Rubytoxin 100 wholesale sourcing guide for global buyers,"/products.html,/brand.html,/contact.html",WhatsApp quote,Published with product image; official manufacturer link not verified
Published,2026-09-29,manual,skinfill bacio wholesale,Commercial,"Clinics, distributors, wholesale buyers",Meso / Skin Booster,Product sourcing guide,Skinfill Bacio benefits ingredients and wholesale sourcing guide,"/products.html,/brand.html,/contact.html",WhatsApp quote,Expanded with official Promoitalia links and clean official product image
Published,2026-09-29,20:00,puri lips hydration benefits,Informational,"Readers with dry or chapped-looking lips",Meso / Skin Booster,Product education guide,"Puri Lips for dry, chapped-looking lips and natural-looking hydration","/products.html,/brand.html,/contact.html",WhatsApp guidance,Published with approved Sowena artwork and verified official WEDERM product link
Published,2026-09-30,20:00,vs nad professional product guide,Commercial investigation,"Clinics, distributors, wholesale buyers",Meso / Skin Booster,Professional product guide,VS NAD+ professional product guide for aesthetic businesses,"/products.html,/brand.html,/contact.html,/blog/korean-aesthetic-product-supplier.html",WhatsApp quote,Published with approved Sowena artwork; keyword volume still requires Search Console or Keyword Planner validation
Published,2026-10-01,20:00,vs vitathione nad ingredients,Informational,"Readers comparing glow-focused skincare and professional products",Meso / Skin Booster,Ingredient and beauty education guide,VS Vitathione NAD+ ingredients glow goals and routine support,"/products.html,/brand.html,/contact.html,/blog/vs-nad-plus-professional-guide.html",WhatsApp guidance,Published with approved Sowena artwork; official dedicated product page not available
Planned,2026-10-02,20:00,vs pnad wholesale,Commercial,"Clinics, distributors, wholesale buyers",Meso / Skin Booster,Product sourcing guide,VS PNAD+ sourcing guide for professional buyers,"/products.html,/brand.html,/contact.html",WhatsApp quote,Use product image; needs keyword volume validation
Planned,2026-10-03,20:00,vs collagen nad wholesale,Commercial,"Clinics, distributors, wholesale buyers",Meso / Skin Booster,Product sourcing guide,VS Collagen NAD+ wholesale sourcing guide,"/products.html,/brand.html,/contact.html",WhatsApp quote,Use product image; needs keyword volume validation
Planned,2026-10-04,20:00,vs multi lamellar nad wholesale,Commercial,"Clinics, distributors, wholesale buyers",Meso / Skin Booster,Product sourcing guide,VS Multi-lamellar NAD+ sourcing guide for global buyers,"/products.html,/brand.html,/contact.html",WhatsApp quote,Use product image; needs keyword volume validation
Planned,2026-10-05,20:00,vs toxnad nad wholesale,Commercial,"Clinics, distributors, wholesale buyers",Meso / Skin Booster,Product sourcing guide,VS Toxnad NAD+ sourcing guide for professional buyers,"/products.html,/brand.html,/contact.html",WhatsApp quote,Use product image; needs keyword volume validation
Planned,2026-10-06,20:00,complex asce wholesale,Commercial,"Clinics, distributors, wholesale buyers",Meso / Skin Booster,Product sourcing guide,Complex ASCE sourcing guide for professional buyers,"/products.html,/brand.html,/contact.html",WhatsApp quote,Use approved product image; needs keyword volume validation
Planned,2026-10-07,20:00,profhilo h l wholesale,Commercial,"Clinics, distributors, wholesale buyers",Meso / Skin Booster,Product sourcing guide,Profhilo H+L professional product guide,"/products.html,/brand.html,/contact.html",WhatsApp quote,Use approved product image; needs keyword volume validation
Planned,2026-10-08,20:00,puri pdrn wholesale,Commercial,"Clinics, distributors, wholesale buyers",Meso / Skin Booster,Product sourcing guide,Puri PDRN professional product guide,"/products.html,/brand.html,/contact.html",WhatsApp quote,Use approved product image; needs keyword volume validation
