roadmap_id,product,slug,category_cover,asset,status,disclosure
SEO-026,Profhilo H+L,profhilo-h-plusl-professional-guide,hybrid-ha,assets/blog/gpt-category-covers/hybrid-ha-gpt-editorial.webp,PUBLISHED_LIVE_200,AI-generated editorial illustration; not product packaging
SEO-046,Complex ASCE,complex-asce-professional-guide,exosome,assets/blog/gpt-category-covers/exosome-gpt-editorial.webp,PUBLISHED_LIVE_200,AI-generated editorial illustration; not product packaging
SEO-052,Juvelook,juvelook-professional-guide,collagen,assets/blog/gpt-category-covers/collagen-gpt-editorial.webp,PUBLISHED_LIVE_200,AI-generated editorial illustration; not product packaging
SEO-053,Gouri,gouri-professional-guide,collagen,assets/blog/gpt-category-covers/collagen-gpt-editorial.webp,PUBLISHED_LIVE_200,AI-generated editorial illustration; not product packaging
SEO-054,Olidia PLLA,olidia-plla-professional-guide,collagen,assets/blog/gpt-category-covers/collagen-gpt-editorial.webp,PUBLISHED_LIVE_200,AI-generated editorial illustration; not product packaging
SEO-056,Neuramis,neuramis-professional-guide,facial-filler,assets/blog/gpt-category-covers/facial-filler-gpt-editorial.webp,PUBLISHED_LIVE_200,AI-generated editorial illustration; not product packaging
SEO-057,Revolax,revolax-professional-guide,facial-filler,assets/blog/gpt-category-covers/facial-filler-gpt-editorial.webp,PUBLISHED_LIVE_200,AI-generated editorial illustration; not product packaging
SEO-058,Dermalax,dermalax-professional-guide,facial-filler,assets/blog/gpt-category-covers/facial-filler-gpt-editorial.webp,PUBLISHED_LIVE_200,AI-generated editorial illustration; not product packaging
SEO-059,Chaeum,chaeum-professional-guide,facial-filler,assets/blog/gpt-category-covers/facial-filler-gpt-editorial.webp,PUBLISHED_LIVE_200,AI-generated editorial illustration; not product packaging
SEO-061,Juvederm Voluma,juvederm-voluma-professional-guide,facial-filler,assets/blog/gpt-category-covers/facial-filler-gpt-editorial.webp,PUBLISHED_LIVE_200,AI-generated editorial illustration; not product packaging
SEO-062,Restylane Defyne,restylane-defyne-professional-guide,facial-filler,assets/blog/gpt-category-covers/facial-filler-gpt-editorial.webp,PUBLISHED_LIVE_200,AI-generated editorial illustration; not product packaging
SEO-063,Restylane Refyne,restylane-refyne-professional-guide,facial-filler,assets/blog/gpt-category-covers/facial-filler-gpt-editorial.webp,PUBLISHED_LIVE_200,AI-generated editorial illustration; not product packaging
SEO-064,Stylage Vivacy,stylage-vivacy-professional-guide,facial-filler,assets/blog/gpt-category-covers/facial-filler-gpt-editorial.webp,PUBLISHED_LIVE_200,AI-generated editorial illustration; not product packaging
SEO-066,Restylane Kysse,restylane-kysse-professional-guide,facial-filler,assets/blog/gpt-category-covers/facial-filler-gpt-editorial.webp,PUBLISHED_LIVE_200,AI-generated editorial illustration; not product packaging
SEO-067,Juvederm Vobela,juvederm-vobela-professional-guide,facial-filler,assets/blog/gpt-category-covers/facial-filler-gpt-editorial.webp,PUBLISHED_LIVE_200,AI-generated editorial illustration; not product packaging
SEO-068,EPTQ,eptq-professional-guide,facial-filler,assets/blog/gpt-category-covers/facial-filler-gpt-editorial.webp,PUBLISHED_LIVE_200,AI-generated editorial illustration; not product packaging
SEO-069,Elasty,elasty-professional-guide,facial-filler,assets/blog/gpt-category-covers/facial-filler-gpt-editorial.webp,PUBLISHED_LIVE_200,AI-generated editorial illustration; not product packaging
SEO-071,Jariot Body,jariot-body-professional-guide,body-filler,assets/blog/gpt-category-covers/body-filler-gpt-editorial.webp,PUBLISHED_LIVE_200,AI-generated editorial illustration; not product packaging
SEO-072,Helios Body,helios-body-professional-guide,body-filler,assets/blog/gpt-category-covers/body-filler-gpt-editorial.webp,PUBLISHED_LIVE_200,AI-generated editorial illustration; not product packaging
SEO-073,Maxxyfill Body,maxxyfill-body-professional-guide,body-filler,assets/blog/gpt-category-covers/body-filler-gpt-editorial.webp,PUBLISHED_LIVE_200,AI-generated editorial illustration; not product packaging
SEO-074,Sedy Fill Body,sedy-fill-body-professional-guide,body-filler,assets/blog/gpt-category-covers/body-filler-gpt-editorial.webp,PUBLISHED_LIVE_200,AI-generated editorial illustration; not product packaging
SEO-076,Nabota 100,nabota-100-professional-guide,botulinum,assets/blog/gpt-category-covers/botulinum-gpt-editorial.webp,PUBLISHED_LIVE_200,AI-generated editorial illustration; not product packaging
SEO-077,Botulax 100,botulax-100-professional-guide,botulinum,assets/blog/gpt-category-covers/botulinum-gpt-editorial.webp,PUBLISHED_LIVE_200,AI-generated editorial illustration; not product packaging
SEO-078,Innotox 50,innotox-50-professional-guide,botulinum,assets/blog/gpt-category-covers/botulinum-gpt-editorial.webp,PUBLISHED_LIVE_200,AI-generated editorial illustration; not product packaging
SEO-079,Xeomin,xeomin-professional-guide,botulinum,assets/blog/gpt-category-covers/botulinum-gpt-editorial.webp,PUBLISHED_LIVE_200,AI-generated editorial illustration; not product packaging
SEO-081,Wondertox 100,wondertox-100-professional-guide,botulinum,assets/blog/gpt-category-covers/botulinum-gpt-editorial.webp,PUBLISHED_LIVE_200,AI-generated editorial illustration; not product packaging
SEO-082,Hutox 100,hutox-100-professional-guide,botulinum,assets/blog/gpt-category-covers/botulinum-gpt-editorial.webp,PUBLISHED_LIVE_200,AI-generated editorial illustration; not product packaging
SEO-083,Coretox 100,coretox-100-professional-guide,botulinum,assets/blog/gpt-category-covers/botulinum-gpt-editorial.webp,PUBLISHED_LIVE_200,AI-generated editorial illustration; not product packaging
SEO-084,Toxta 100,toxta-100-professional-guide,botulinum,assets/blog/gpt-category-covers/botulinum-gpt-editorial.webp,PUBLISHED_LIVE_200,AI-generated editorial illustration; not product packaging
SEO-086,Aqualyx,aqualyx-professional-guide,body-contouring,assets/blog/gpt-category-covers/body-contouring-gpt-editorial.webp,PUBLISHED_LIVE_200,AI-generated editorial illustration; not product packaging
SEO-087,Lipolab,lipolab-professional-guide,body-contouring,assets/blog/gpt-category-covers/body-contouring-gpt-editorial.webp,PUBLISHED_LIVE_200,AI-generated editorial illustration; not product packaging
SEO-088,Lemon Bottle,lemon-bottle-professional-guide,body-contouring,assets/blog/gpt-category-covers/body-contouring-gpt-editorial.webp,PUBLISHED_LIVE_200,AI-generated editorial illustration; not product packaging
SEO-089,Kabelline,kabelline-professional-guide,body-contouring,assets/blog/gpt-category-covers/body-contouring-gpt-editorial.webp,PUBLISHED_LIVE_200,AI-generated editorial illustration; not product packaging
SEO-091,Korean Medicaine,korean-medicaine-professional-guide,topical-anaesthetic,assets/blog/gpt-category-covers/topical-anaesthetic-gpt-editorial.webp,PUBLISHED_LIVE_200,AI-generated editorial illustration; not product packaging
SEO-092,J Cain 10.56%,j-cain-10-56-professional-guide,topical-anaesthetic,assets/blog/gpt-category-covers/topical-anaesthetic-gpt-editorial.webp,PUBLISHED_LIVE_200,AI-generated editorial illustration; not product packaging
SEO-093,M-Caine Cream,m-caine-cream-professional-guide,topical-anaesthetic,assets/blog/gpt-category-covers/topical-anaesthetic-gpt-editorial.webp,PUBLISHED_LIVE_200,AI-generated editorial illustration; not product packaging
SEO-094,Lidocaine Cream,lidocaine-cream-professional-guide,topical-anaesthetic,assets/blog/gpt-category-covers/topical-anaesthetic-gpt-editorial.webp,PUBLISHED_LIVE_200,AI-generated editorial illustration; not product packaging
